{"../html/iterators.html": 1765656801.3540695, "../html/concepts.html": 1765400367.6205866, "../html/index.html": 1765388779.901966, "../html/resources.html": 1765423605.614983, "../html/styles.css": 1765744809.8901403, "../html/named_requirements/value_semantics.html": 1765745092.3561356, "../html/programming/templated_classes_with_optional_member_attributes.html": 1765396313.8809292, "../html/programming/index.html": 1765397766.0197809, "../html/general_utilties/pair.html": 1765423605.6139832, "../html/general_utilties/tuple.html": 1765423605.6139832, "../html/general_utilties/optional.html": 1765423605.6139832, "../html/time/chrono.html": 1765743981.5592263, "../html/language/templates.html": 1765423605.6139832, "../html/language/exceptions.html": 1765423605.6139832, "../html/language/classes.html": 1765397766.0197809, "../html/language/modules.html": 1765423605.6139832, "../html/language/statements/while.html": 1765400367.621977, "../html/language/statements/do-while.html": 1765400367.6216528, "../html/language/statements/if.html": 1765400367.62173, "../html/language/statements/range-for.html": 1765400367.62173, "../html/language/statements/for.html": 1765400367.62173, "../html/language/statements/switch.html": 1765400367.6219015, "../html/compilation/pipeline.html": 1765656801.3540695, "../html/strings/basic_string.html": 1765423605.614983, "../html/js/scripts.js": 1765659981.141751, "../html/meta_programming/type_traits.html": 1765656801.3550694, "../html/concepts/language_related.html": 1765423605.6129832, "../html/ranges/generator.html": 1765423605.6139832, "../html/containers/unordered_map.html": 1765400344.9433105, "../html/containers/array.html": 1765261713.5020976, "../html/containers/deque.html": 1765261695.9350276, "../html/containers/vector.html": 1765743981.5582263, "../html/memory_management/allocators.html": 1765423605.6139832, "../html/memory_management/smart_pointers.html": 1765423605.6139832, "../html/expressions/value_categories.html": 1765745329.0069695, "../html/algorithms/exchange.html": 1765656801.3540695, "../html/algorithms/swap.html": 1765656801.3540695}