{"../html/containers/unordered_map.html": 1765261671.6679316, "../html/containers/array.html": 1765261713.5020976, "../html/containers/deque.html": 1765261695.9350276, "../html/containers/vector.html": 1765268901.2600107}